<?xml version="1.0"?>

<annotation>
    <folder>images</folder>
    <filename>local11.png</filename>
    <size>
        <width>172</width>
        <height>390</height>
        <depth>3</depth>
    </size>
    <segmented>0</segmented>
    <object>
        <name>hands</name>
        <pose>Unspecified</pose>
        <truncated>0</truncated>
        <occluded>0</occluded>
        <difficult>0</difficult>
        <bndbox>
            <xmin>105</xmin>
            <ymin>87</ymin>
            <xmax>149</xmax>
            <ymax>133</ymax>
        </bndbox>
        <bndbox>
            <xmin>0</xmin>
            <ymin>0</ymin>
            <xmax>0</xmax>
            <ymax>0</ymax>
        </bndbox>
    </object>
</annotation>