<?xml version="1.0"?>

<annotation>
    <folder>images</folder>
    <filename>local49.png</filename>
    <size>
        <width>578</width>
        <height>390</height>
        <depth>3</depth>
    </size>
    <segmented>0</segmented>
    <object>
        <name>hands</name>
        <pose>Unspecified</pose>
        <truncated>0</truncated>
        <occluded>0</occluded>
        <difficult>0</difficult>
        <bndbox>
            <xmin>81</xmin>
            <ymin>31</ymin>
            <xmax>238</xmax>
            <ymax>172</ymax>
        </bndbox>
        <bndbox>
            <xmin>397</xmin>
            <ymin>15</ymin>
            <xmax>558</xmax>
            <ymax>143</ymax>
        </bndbox>    
    </object>
</annotation>