<?xml version="1.0"?>

<annotation>
    <folder>images</folder>
    <filename>local27.png</filename>
    <size>
        <width>733</width>
        <height>496</height>
        <depth>3</depth>
    </size>
    <segmented>0</segmented>
    <object>
        <name>hands</name>
        <pose>Unspecified</pose>
        <truncated>0</truncated>
        <occluded>0</occluded>
        <difficult>0</difficult>
        <bndbox>
            <xmin>93</xmin>
            <ymin>196</ymin>
            <xmax>334</xmax>
            <ymax>395</ymax>
        </bndbox>
        <bndbox>
            <xmin>368</xmin>
            <ymin>207</ymin>
            <xmax>611</xmax>
            <ymax>377</ymax>
        </bndbox>    
    </object>
</annotation>