<?xml version="1.0"?>

<annotation>
    <folder>images</folder>
    <filename>local73.png</filename>
    <size>
        <width>680</width>
        <height>390</height>
        <depth>3</depth>
    </size>
    <segmented>0</segmented>
    <object>
        <name>hands</name>
        <pose>Unspecified</pose>
        <truncated>0</truncated>
        <occluded>0</occluded>
        <difficult>0</difficult>
        <bndbox>
            <xmin>134</xmin>
            <ymin>6</ymin>
            <xmax>272</xmax>
            <ymax>144</ymax>
        </bndbox>
        <bndbox>
            <xmin>370</xmin>
            <ymin>76</ymin>
            <xmax>526</xmax>
            <ymax>260</ymax>
        </bndbox>    
    </object>
</annotation>