<?xml version="1.0"?>

<annotation>
    <folder>images</folder>
    <filename>local82.png</filename>
    <size>
        <width>261</width>
        <height>390</height>
        <depth>3</depth>
    </size>
    <segmented>0</segmented>
    <object>
        <name>hands</name>
        <pose>Unspecified</pose>
        <truncated>0</truncated>
        <occluded>0</occluded>
        <difficult>0</difficult>
        <bndbox>
            <xmin>41</xmin>
            <ymin>86</ymin>
            <xmax>127</xmax>
            <ymax>157</ymax>
        </bndbox>
        <bndbox>
            <xmin>163</xmin>
            <ymin>83</ymin>
            <xmax>239</xmax>
            <ymax>161</ymax>
        </bndbox>    
    </object>
</annotation>