<?xml version="1.0"?>

<annotation>
    <folder>images</folder>
    <filename>local58.png</filename>
    <size>
        <width>294</width>
        <height>389</height>
        <depth>3</depth>
    </size>
    <segmented>0</segmented>
    <object>
        <name>hands</name>
        <pose>Unspecified</pose>
        <truncated>0</truncated>
        <occluded>0</occluded>
        <difficult>0</difficult>
        <bndbox>
            <xmin>10</xmin>
            <ymin>30</ymin>
            <xmax>72</xmax>
            <ymax>81</ymax>
        </bndbox>
        <bndbox>
            <xmin>223</xmin>
            <ymin>33</ymin>
            <xmax>282</xmax>
            <ymax>83</ymax>
        </bndbox>    
    </object>
</annotation>