<?xml version="1.0"?>

<annotation>
    <folder>images</folder>
    <filename>local44.png</filename>
    <size>
        <width>716</width>
        <height>390</height>
        <depth>3</depth>
    </size>
    <segmented>0</segmented>
    <object>
        <name>hands</name>
        <pose>Unspecified</pose>
        <truncated>0</truncated>
        <occluded>0</occluded>
        <difficult>0</difficult>
        <bndbox>
            <xmin>119</xmin>
            <ymin>194</ymin>
            <xmax>255</xmax>
            <ymax>342</ymax>
        </bndbox>
        <bndbox>
            <xmin>229</xmin>
            <ymin>179</ymin>
            <xmax>384</xmax>
            <ymax>332</ymax>
        </bndbox>    
    </object>
</annotation>