<?xml version="1.0"?>

<annotation>
    <folder>images</folder>
    <filename>local21.png</filename>
    <size>
        <width>1097</width>
        <height>623</height>
        <depth>3</depth>
    </size>
    <segmented>0</segmented>
    <object>
        <name>hands</name>
        <pose>Unspecified</pose>
        <truncated>0</truncated>
        <occluded>0</occluded>
        <difficult>0</difficult>
        <bndbox>
            <xmin>65</xmin>
            <ymin>72</ymin>
            <xmax>586</xmax>
            <ymax>419</ymax>
        </bndbox>
        <bndbox>
            <xmin>394</xmin>
            <ymin>188</ymin>
            <xmax>770</xmax>
            <ymax>509</ymax>
        </bndbox>    
    </object>
</annotation>