<?xml version="1.0"?>

<annotation>
    <folder>images</folder>
    <filename>local88.png</filename>
    <size>
        <width>233</width>
        <height>390</height>
        <depth>3</depth>
    </size>
    <segmented>0</segmented>
    <object>
        <name>hands</name>
        <pose>Unspecified</pose>
        <truncated>0</truncated>
        <occluded>0</occluded>
        <difficult>0</difficult>
        <bndbox>
            <xmin>1</xmin>
            <ymin>320</ymin>
            <xmax>60</xmax>
            <ymax>385</ymax>
        </bndbox>
        <bndbox>
            <xmin>103</xmin>
            <ymin>244</ymin>
            <xmax>180</xmax>
            <ymax>304</ymax>
        </bndbox>    
    </object>
</annotation>