<?xml version="1.0"?>

<annotation>
    <folder>images</folder>
    <filename>local67.png</filename>
    <size>
        <width>547</width>
        <height>390</height>
        <depth>3</depth>
    </size>
    <segmented>0</segmented>
    <object>
        <name>hands</name>
        <pose>Unspecified</pose>
        <truncated>0</truncated>
        <occluded>0</occluded>
        <difficult>0</difficult>
        <bndbox>
            <xmin>83</xmin>
            <ymin>107</ymin>
            <xmax>246</xmax>
            <ymax>255</ymax>
        </bndbox>
        <bndbox>
            <xmin>315</xmin>
            <ymin>102</ymin>
            <xmax>461</xmax>
            <ymax>251</ymax>
        </bndbox>    
    </object>
</annotation>