<?xml version="1.0"?>

<annotation>
    <folder>images</folder>
    <filename>local48.png</filename>
    <size>
        <width>559</width>
        <height>390</height>
        <depth>3</depth>
    </size>
    <segmented>0</segmented>
    <object>
        <name>hands</name>
        <pose>Unspecified</pose>
        <truncated>0</truncated>
        <occluded>0</occluded>
        <difficult>0</difficult>
        <bndbox>
            <xmin>49</xmin>
            <ymin>118</ymin>
            <xmax>208</xmax>
            <ymax>296</ymax>
        </bndbox>
        <bndbox>
            <xmin>367</xmin>
            <ymin>102</ymin>
            <xmax>502</xmax>
            <ymax>280</ymax>
        </bndbox>    
    </object>
</annotation>