<?xml version="1.0"?>

<annotation>
    <folder>images</folder>
    <filename>local83.png</filename>
    <size>
        <width>345</width>
        <height>390</height>
        <depth>3</depth>
    </size>
    <segmented>0</segmented>
    <object>
        <name>hands</name>
        <pose>Unspecified</pose>
        <truncated>0</truncated>
        <occluded>0</occluded>
        <difficult>0</difficult>
        <bndbox>
            <xmin>99</xmin>
            <ymin>67</ymin>
            <xmax>189</xmax>
            <ymax>130</ymax>
        </bndbox>
        <bndbox>
            <xmin>204</xmin>
            <ymin>295</ymin>
            <xmax>279</xmax>
            <ymax>365</ymax>
        </bndbox>    
    </object>
</annotation>