<?xml version="1.0"?>

<annotation>
    <folder>images</folder>
    <filename>local62.png</filename>
    <size>
        <width>676</width>
        <height>390</height>
        <depth>3</depth>
    </size>
    <segmented>0</segmented>
    <object>
        <name>hands</name>
        <pose>Unspecified</pose>
        <truncated>0</truncated>
        <occluded>0</occluded>
        <difficult>0</difficult>
        <bndbox>
            <xmin>32</xmin>
            <ymin>106</ymin>
            <xmax>243</xmax>
            <ymax>275</ymax>
        </bndbox>
        <bndbox>
            <xmin>253</xmin>
            <ymin>217</ymin>
            <xmax>450</xmax>
            <ymax>381</ymax>
        </bndbox>    
    </object>
</annotation>