<?xml version="1.0"?>

<annotation>
    <folder>images</folder>
    <filename>local50.png</filename>
    <size>
        <width>516</width>
        <height>390</height>
        <depth>3</depth>
    </size>
    <segmented>0</segmented>
    <object>
        <name>hands</name>
        <pose>Unspecified</pose>
        <truncated>0</truncated>
        <occluded>0</occluded>
        <difficult>0</difficult>
        <bndbox>
            <xmin>15</xmin>
            <ymin>182</ymin>
            <xmax>132</xmax>
            <ymax>342</ymax>
        </bndbox>
        <bndbox>
            <xmin>309</xmin>
            <ymin>173</ymin>
            <xmax>466</xmax>
            <ymax>342</ymax>
        </bndbox>    
    </object>
</annotation>