<?xml version="1.0"?>

<annotation>
    <folder>images</folder>
    <filename>local32.png</filename>
    <size>
        <width>583</width>
        <height>390</height>
        <depth>3</depth>
    </size>
    <segmented>0</segmented>
    <object>
        <name>hands</name>
        <pose>Unspecified</pose>
        <truncated>0</truncated>
        <occluded>0</occluded>
        <difficult>0</difficult>
        <bndbox>
            <xmin>58</xmin>
            <ymin>113</ymin>
            <xmax>191</xmax>
            <ymax>254</ymax>
        </bndbox>
        <bndbox>
            <xmin>406</xmin>
            <ymin>272</ymin>
            <xmax>509</xmax>
            <ymax>389</ymax>
        </bndbox>    
    </object>
</annotation>