<?xml version="1.0"?>

<annotation>
    <folder>images</folder>
    <filename>local1.png</filename>
    <size>
        <width>267</width>
        <height>400</height>
        <depth>3</depth>
    </size>
    <segmented>0</segmented>
    <object>
        <name>hands</name>
        <pose>Unspecified</pose>
        <truncated>0</truncated>
        <occluded>0</occluded>
        <difficult>0</difficult>
        <bndbox>
            <xmin>57</xmin>
            <ymin>30</ymin>
            <xmax>137</xmax>
            <ymax>113</ymax>
        </bndbox>
    </object>
    </annotation>