<?xml version="1.0"?>

<annotation>
    <folder>images</folder>
    <filename>local31.png</filename>
    <size>
        <width>591</width>
        <height>390</height>
        <depth>3</depth>
    </size>
    <segmented>0</segmented>
    <object>
        <name>hands</name>
        <pose>Unspecified</pose>
        <truncated>0</truncated>
        <occluded>0</occluded>
        <difficult>0</difficult>
        <bndbox>
            <xmin>116</xmin>
            <ymin>42</ymin>
            <xmax>291</xmax>
            <ymax>316</ymax>
        </bndbox>
        <bndbox>
            <xmin>314</xmin>
            <ymin>33</ymin>
            <xmax>489</xmax>
            <ymax>331</ymax>
        </bndbox>    
    </object>
</annotation>