<?xml version="1.0"?>

<annotation>
    <folder>images</folder>
    <filename>local85.png</filename>
    <size>
        <width>346</width>
        <height>390</height>
        <depth>3</depth>
    </size>
    <segmented>0</segmented>
    <object>
        <name>hands</name>
        <pose>Unspecified</pose>
        <truncated>0</truncated>
        <occluded>0</occluded>
        <difficult>0</difficult>
        <bndbox>
            <xmin>74</xmin>
            <ymin>93</ymin>
            <xmax>172</xmax>
            <ymax>231</ymax>
        </bndbox>
        <bndbox>
            <xmin>176</xmin>
            <ymin>95</ymin>
            <xmax>275</xmax>
            <ymax>226</ymax>
        </bndbox>    
    </object>
</annotation>