<?xml version="1.0"?>

<annotation>
    <folder>images</folder>
    <filename>local6.png</filename>
    <size>
        <width>510</width>
        <height>762</height>
        <depth>3</depth>
    </size>
    <segmented>0</segmented>
    <object>
        <name>hands</name>
        <pose>Unspecified</pose>
        <truncated>0</truncated>
        <occluded>0</occluded>
        <difficult>0</difficult>
        <bndbox>
            <xmin>113</xmin>
            <ymin>346</ymin>
            <xmax>211</xmax>
            <ymax>432</ymax>
        </bndbox>
        <bndbox>
            <xmin>316</xmin>
            <ymin>51</ymin>
            <xmax>420</xmax>
            <ymax>150</ymax>
        </bndbox>
    </object>
</annotation>