<?xml version="1.0"?>

<annotation>
    <folder>images</folder>
    <filename>local13.png</filename>
    <size>
        <width>335</width>
        <height>774</height>
        <depth>3</depth>
    </size>
    <segmented>0</segmented>
    <object>
        <name>hands</name>
        <pose>Unspecified</pose>
        <truncated>0</truncated>
        <occluded>0</occluded>
        <difficult>0</difficult>
        <bndbox>
            <xmin>58</xmin>
            <ymin>271</ymin>
            <xmax>176</xmax>
            <ymax>361</ymax>
        </bndbox>
        <bndbox>
            <xmin>0</xmin>
            <ymin>0</ymin>
            <xmax>0</xmax>
            <ymax>0</ymax>
        </bndbox>    
    </object>
</annotation>