
<?xml version="1.0"?>

<annotation>
    <folder>images</folder>
    <filename>local7.png</filename>
    <size>
        <width>345</width>
        <height>580</height>
        <depth>3</depth>
    </size>
    <segmented>0</segmented>
    <object>
        <name>hands</name>
        <pose>Unspecified</pose>
        <truncated>0</truncated>
        <occluded>0</occluded>
        <difficult>0</difficult>
        <bndbox>
            <xmin>222</xmin>
            <ymin>176</ymin>
            <xmax>320</xmax>
            <ymax>262</ymax>
        </bndbox>
    </object>
</annotation>