<?xml version="1.0"?>

<annotation>
    <folder>images</folder>
    <filename>local18.png</filename>
    <size>
        <width>295</width>
        <height>704</height>
        <depth>3</depth>
    </size>
    <segmented>0</segmented>
    <object>
        <name>hands</name>
        <pose>Unspecified</pose>
        <truncated>0</truncated>
        <occluded>0</occluded>
        <difficult>0</difficult>
        <bndbox>
            <xmin>94</xmin>
            <ymin>115</ymin>
            <xmax>159</xmax>
            <ymax>230</ymax>
        </bndbox>
        <bndbox>
            <xmin>163</xmin>
            <ymin>130</ymin>
            <xmax>265</xmax>
            <ymax>233</ymax>
        </bndbox>    
    </object>
</annotation>