<?xml version="1.0"?>

<annotation>
    <folder>images</folder>
    <filename>local19.png</filename>
    <size>
        <width>362</width>
        <height>540</height>
        <depth>3</depth>
    </size>
    <segmented>0</segmented>
    <object>
        <name>hands</name>
        <pose>Unspecified</pose>
        <truncated>0</truncated>
        <occluded>0</occluded>
        <difficult>0</difficult>
        <bndbox>
            <xmin>201</xmin>
            <ymin>51</ymin>
            <xmax>273</xmax>
            <ymax>127</ymax>
        </bndbox>
        <bndbox>
            <xmin>129</xmin>
            <ymin>211</ymin>
            <xmax>201</xmax>
            <ymax>287</ymax>
        </bndbox>    
    </object>
</annotation>