<?xml version="1.0"?>

<annotation>
    <folder>images</folder>
    <filename>local54.png</filename>
    <size>
        <width>516</width>
        <height>390</height>
        <depth>3</depth>
    </size>
    <segmented>0</segmented>
    <object>
        <name>hands</name>
        <pose>Unspecified</pose>
        <truncated>0</truncated>
        <occluded>0</occluded>
        <difficult>0</difficult>
        <bndbox>
            <xmin>153</xmin>
            <ymin>286</ymin>
            <xmax>340</xmax>
            <ymax>376</ymax>
        </bndbox>
        <bndbox>
            <xmin>423</xmin>
            <ymin>253</ymin>
            <xmax>516</xmax>
            <ymax>373</ymax>
        </bndbox>    
    </object>
</annotation>