<?xml version="1.0"?>

<annotation>
    <folder>images</folder>
    <filename>local3.png</filename>
    <size>
        <width>239</width>
        <height>389</height>
        <depth>3</depth>
    </size>
    <segmented>0</segmented>
    <object>
        <name>hands</name>
        <pose>Unspecified</pose>
        <truncated>0</truncated>
        <occluded>0</occluded>
        <difficult>0</difficult>
        <bndbox>
            <xmin>12</xmin>
            <ymin>17</ymin>
            <xmax>79</xmax>
            <ymax>70</ymax>
        </bndbox>
        <bndbox>
            <xmin>181</xmin>
            <ymin>10</ymin>
            <xmax>239</xmax>
            <ymax>62</ymax>
        </bndbox>
    </object>
</annotation>