<?xml version="1.0"?>

<annotation>
    <folder>images</folder>
    <filename>local76.png</filename>
    <size>
        <width>542</width>
        <height>389</height>
        <depth>3</depth>
    </size>
    <segmented>0</segmented>
    <object>
        <name>hands</name>
        <pose>Unspecified</pose>
        <truncated>0</truncated>
        <occluded>0</occluded>
        <difficult>0</difficult>
        <bndbox>
            <xmin>23</xmin>
            <ymin>24</ymin>
            <xmax>121</xmax>
            <ymax>96</ymax>
        </bndbox>
        <bndbox>
            <xmin>262</xmin>
            <ymin>75</ymin>
            <xmax>364</xmax>
            <ymax>150</ymax>
        </bndbox>    
    </object>
</annotation>