<?xml version="1.0"?>

<annotation>
    <folder>images</folder>
    <filename>local47.png</filename>
    <size>
        <width>540</width>
        <height>390</height>
        <depth>3</depth>
    </size>
    <segmented>0</segmented>
    <object>
        <name>hands</name>
        <pose>Unspecified</pose>
        <truncated>0</truncated>
        <occluded>0</occluded>
        <difficult>0</difficult>
        <bndbox>
            <xmin>8</xmin>
            <ymin>166</ymin>
            <xmax>107</xmax>
            <ymax>298</ymax>
        </bndbox>
        <bndbox>
            <xmin>407</xmin>
            <ymin>259</ymin>
            <xmax>534</xmax>
            <ymax>364</ymax>
        </bndbox>    
    </object>
</annotation>