<?xml version="1.0"?>

<annotation>
    <folder>images</folder>
    <filename>local12.png</filename>
    <size>
        <width>287</width>
        <height>438</height>
        <depth>3</depth>
    </size>
    <segmented>0</segmented>
    <object>
        <name>hands</name>
        <pose>Unspecified</pose>
        <truncated>0</truncated>
        <occluded>0</occluded>
        <difficult>0</difficult>
        <bndbox>
            <xmin>44</xmin>
            <ymin>28</ymin>
            <xmax>121</xmax>
            <ymax>112</ymax>
        </bndbox>
        <bndbox>
            <xmin>208</xmin>
            <ymin>218</ymin>
            <xmax>274</xmax>
            <ymax>280</ymax>
        </bndbox>
    </object>
</annotation>