<?xml version="1.0"?>

<annotation>
    <folder>images</folder>
    <filename>local71.png</filename>
    <size>
        <width>584</width>
        <height>390</height>
        <depth>3</depth>
    </size>
    <segmented>0</segmented>
    <object>
        <name>hands</name>
        <pose>Unspecified</pose>
        <truncated>0</truncated>
        <occluded>0</occluded>
        <difficult>0</difficult>
        <bndbox>
            <xmin>1</xmin>
            <ymin>271</ymin>
            <xmax>65</xmax>
            <ymax>355</ymax>
        </bndbox>
        <bndbox>
            <xmin>475</xmin>
            <ymin>236</ymin>
            <xmax>584</xmax>
            <ymax>353</ymax>
        </bndbox>    
    </object>
</annotation>