<?xml version="1.0"?>

<annotation>
    <folder>images</folder>
    <filename>local90.png</filename>
    <size>
        <width>565</width>
        <height>390</height>
        <depth>3</depth>
    </size>
    <segmented>0</segmented>
    <object>
        <name>hands</name>
        <pose>Unspecified</pose>
        <truncated>0</truncated>
        <occluded>0</occluded>
        <difficult>0</difficult>
        <bndbox>
            <xmin>88</xmin>
            <ymin>232</ymin>
            <xmax>200</xmax>
            <ymax>316</ymax>
        </bndbox>
        <bndbox>
            <xmin>402</xmin>
            <ymin>236</ymin>
            <xmax>506</xmax>
            <ymax>331</ymax>
        </bndbox>    
    </object>
</annotation>