<?xml version="1.0"?>

<annotation>
    <folder>images</folder>
    <filename>local16.png</filename>
    <size>
        <width>330</width>
        <height>505</height>
        <depth>3</depth>
    </size>
    <segmented>0</segmented>
    <object>
        <name>hands</name>
        <pose>Unspecified</pose>
        <truncated>0</truncated>
        <occluded>0</occluded>
        <difficult>0</difficult>
        <bndbox>
            <xmin>105</xmin>
            <ymin>69</ymin>
            <xmax>159</xmax>
            <ymax>130</ymax>
        </bndbox>
        <bndbox>
            <xmin>206</xmin>
            <ymin>224</ymin>
            <xmax>270</xmax>
            <ymax>301</ymax>
        </bndbox>    
    </object>
</annotation>