<?xml version="1.0"?>

<annotation>
    <folder>images</folder>
    <filename>local30.png</filename>
    <size>
        <width>577</width>
        <height>390</height>
        <depth>3</depth>
    </size>
    <segmented>0</segmented>
    <object>
        <name>hands</name>
        <pose>Unspecified</pose>
        <truncated>0</truncated>
        <occluded>0</occluded>
        <difficult>0</difficult>
        <bndbox>
            <xmin>48</xmin>
            <ymin>108</ymin>
            <xmax>280</xmax>
            <ymax>342</ymax>
        </bndbox>
        <bndbox>
            <xmin>317</xmin>
            <ymin>124</ymin>
            <xmax>542</xmax>
            <ymax>364</ymax>
        </bndbox>    
    </object>
</annotation>