<?xml version="1.0"?>

<annotation>
    <folder>images</folder>
    <filename>local39.png</filename>
    <size>
        <width>684</width>
        <height>390</height>
        <depth>3</depth>
    </size>
    <segmented>0</segmented>
    <object>
        <name>hands</name>
        <pose>Unspecified</pose>
        <truncated>0</truncated>
        <occluded>0</occluded>
        <difficult>0</difficult>
        <bndbox>
            <xmin>48</xmin>
            <ymin>180</ymin>
            <xmax>240</xmax>
            <ymax>381</ymax>
        </bndbox>
        <bndbox>
            <xmin>480</xmin>
            <ymin>188</ymin>
            <xmax>650</xmax>
            <ymax>381</ymax>
        </bndbox>    
    </object>
</annotation>