<?xml version="1.0"?>

<annotation>
    <folder>images</folder>
    <filename>local72.png</filename>
    <size>
        <width>265</width>
        <height>390</height>
        <depth>3</depth>
    </size>
    <segmented>0</segmented>
    <object>
        <name>hands</name>
        <pose>Unspecified</pose>
        <truncated>0</truncated>
        <occluded>0</occluded>
        <difficult>0</difficult>
        <bndbox>
            <xmin>7</xmin>
            <ymin>232</ymin>
            <xmax>61</xmax>
            <ymax>297</ymax>
        </bndbox>
        <bndbox>
            <xmin>191</xmin>
            <ymin>303</ymin>
            <xmax>265</xmax>
            <ymax>382</ymax>
        </bndbox>    
    </object>
</annotation>