<?xml version="1.0"?>

<annotation>
    <folder>images</folder>
    <filename>local36.png</filename>
    <size>
        <width>260</width>
        <height>390</height>
        <depth>3</depth>
    </size>
    <segmented>0</segmented>
    <object>
        <name>hands</name>
        <pose>Unspecified</pose>
        <truncated>0</truncated>
        <occluded>0</occluded>
        <difficult>0</difficult>
        <bndbox>
            <xmin>38</xmin>
            <ymin>39</ymin>
            <xmax>92</xmax>
            <ymax>102</ymax>
        </bndbox>
        <bndbox>
            <xmin>183</xmin>
            <ymin>42</ymin>
            <xmax>231</xmax>
            <ymax>96</ymax>
        </bndbox>    
    </object>
</annotation>