<?xml version="1.0"?>

<annotation>
    <folder>images</folder>
    <filename>local51.png</filename>
    <size>
        <width>518</width>
        <height>390</height>
        <depth>3</depth>
    </size>
    <segmented>0</segmented>
    <object>
        <name>hands</name>
        <pose>Unspecified</pose>
        <truncated>0</truncated>
        <occluded>0</occluded>
        <difficult>0</difficult>
        <bndbox>
            <xmin>28</xmin>
            <ymin>192</ymin>
            <xmax>150</xmax>
            <ymax>379</ymax>
        </bndbox>
        <bndbox>
            <xmin>270</xmin>
            <ymin>173</ymin>
            <xmax>412</xmax>
            <ymax>352</ymax>
        </bndbox>    
    </object>
</annotation>