<?xml version="1.0"?>

<annotation>
    <folder>images</folder>
    <filename>local87.png</filename>
    <size>
        <width>722</width>
        <height>346</height>
        <depth>3</depth>
    </size>
    <segmented>0</segmented>
    <object>
        <name>hands</name>
        <pose>Unspecified</pose>
        <truncated>0</truncated>
        <occluded>0</occluded>
        <difficult>0</difficult>
        <bndbox>
            <xmin>1</xmin>
            <ymin>127</ymin>
            <xmax>84</xmax>
            <ymax>211</ymax>
        </bndbox>
        <bndbox>
            <xmin>643</xmin>
            <ymin>129</ymin>
            <xmax>722</xmax>
            <ymax>207</ymax>
        </bndbox>    
    </object>
</annotation>