<?xml version="1.0"?>

<annotation>
    <folder>images</folder>
    <filename>local89.png</filename>
    <size>
        <width>586</width>
        <height>390</height>
        <depth>3</depth>
    </size>
    <segmented>0</segmented>
    <object>
        <name>hands</name>
        <pose>Unspecified</pose>
        <truncated>0</truncated>
        <occluded>0</occluded>
        <difficult>0</difficult>
        <bndbox>
            <xmin>10</xmin>
            <ymin>7</ymin>
            <xmax>101</xmax>
            <ymax>97</ymax>
        </bndbox>
        <bndbox>
            <xmin>509</xmin>
            <ymin>14</ymin>
            <xmax>581</xmax>
            <ymax>109</ymax>
        </bndbox>    
    </object>
</annotation>