<?xml version="1.0"?>

<annotation>
    <folder>images</folder>
    <filename>local78.png</filename>
    <size>
        <width>258</width>
        <height>390</height>
        <depth>3</depth>
    </size>
    <segmented>0</segmented>
    <object>
        <name>hands</name>
        <pose>Unspecified</pose>
        <truncated>0</truncated>
        <occluded>0</occluded>
        <difficult>0</difficult>
        <bndbox>
            <xmin>8</xmin>
            <ymin>117</ymin>
            <xmax>91</xmax>
            <ymax>222</ymax>
        </bndbox>
        <bndbox>
            <xmin>147</xmin>
            <ymin>240</ymin>
            <xmax>223</xmax>
            <ymax>317</ymax>
        </bndbox>    
    </object>
</annotation>