<?xml version="1.0"?>

<annotation>
    <folder>images</folder>
    <filename>local20.png</filename>
    <size>
        <width>387</width>
        <height>577</height>
        <depth>3</depth>
    </size>
    <segmented>0</segmented>
    <object>
        <name>hands</name>
        <pose>Unspecified</pose>
        <truncated>0</truncated>
        <occluded>0</occluded>
        <difficult>0</difficult>
        <bndbox>
            <xmin>63</xmin>
            <ymin>93</ymin>
            <xmax>135</xmax>
            <ymax>170</ymax>
        </bndbox>
        <bndbox>
            <xmin>242</xmin>
            <ymin>266</ymin>
            <xmax>309</xmax>
            <ymax>366</ymax>
        </bndbox>    
    </object>
</annotation>