<?xml version="1.0"?>

<annotation>
    <folder>images</folder>
    <filename>local68.png</filename>
    <size>
        <width>392</width>
        <height>390</height>
        <depth>3</depth>
    </size>
    <segmented>0</segmented>
    <object>
        <name>hands</name>
        <pose>Unspecified</pose>
        <truncated>0</truncated>
        <occluded>0</occluded>
        <difficult>0</difficult>
        <bndbox>
            <xmin>132</xmin>
            <ymin>14</ymin>
            <xmax>202</xmax>
            <ymax>72</ymax>
        </bndbox>
        <bndbox>
            <xmin>184</xmin>
            <ymin>196</ymin>
            <xmax>266</xmax>
            <ymax>301</ymax>
        </bndbox>    
    </object>
</annotation>