<?xml version="1.0"?>

<annotation>
    <folder>images</folder>
    <filename>local75.png</filename>
    <size>
        <width>554</width>
        <height>390</height>
        <depth>3</depth>
    </size>
    <segmented>0</segmented>
    <object>
        <name>hands</name>
        <pose>Unspecified</pose>
        <truncated>0</truncated>
        <occluded>0</occluded>
        <difficult>0</difficult>
        <bndbox>
            <xmin>288</xmin>
            <ymin>81</ymin>
            <xmax>385</xmax>
            <ymax>170</ymax>
        </bndbox>
        <bndbox>
            <xmin>427</xmin>
            <ymin>116</ymin>
            <xmax>532</xmax>
            <ymax>186</ymax>
        </bndbox>    
    </object>
</annotation>