<?xml version="1.0"?>

<annotation>
    <folder>images</folder>
    <filename>local38.png</filename>
    <size>
        <width>573</width>
        <height>390</height>
        <depth>3</depth>
    </size>
    <segmented>0</segmented>
    <object>
        <name>hands</name>
        <pose>Unspecified</pose>
        <truncated>0</truncated>
        <occluded>0</occluded>
        <difficult>0</difficult>
        <bndbox>
            <xmin>85</xmin>
            <ymin>259</ymin>
            <xmax>205</xmax>
            <ymax>385</ymax>
        </bndbox>
        <bndbox>
            <xmin>287</xmin>
            <ymin>223</ymin>
            <xmax>448</xmax>
            <ymax>372</ymax>
        </bndbox>    
    </object>
</annotation>