<?xml version="1.0"?>

<annotation>
    <folder>images</folder>
    <filename>local99.png</filename>
    <size>
        <width>574</width>
        <height>390</height>
        <depth>3</depth>
    </size>
    <segmented>0</segmented>
    <object>
        <name>hands</name>
        <pose>Unspecified</pose>
        <truncated>0</truncated>
        <occluded>0</occluded>
        <difficult>0</difficult>
        <bndbox>
            <xmin1>168</xmin1>
            <ymin1>103</ymin1>
            <xmax1>308</xmax1>
            <ymax1>224</ymax1>
            <xmin2>382</xmin2>
            <ymin2>70</ymin2>
            <xmax2>549</xmax2>
            <ymax2>193</ymax2>

        </bndbox>
    </object>
</annotation>