<?xml version="1.0"?>

<annotation>
    <folder>images</folder>
    <filename>local60.png</filename>
    <size>
        <width>625</width>
        <height>390</height>
        <depth>3</depth>
    </size>
    <segmented>0</segmented>
    <object>
        <name>hands</name>
        <pose>Unspecified</pose>
        <truncated>0</truncated>
        <occluded>0</occluded>
        <difficult>0</difficult>
        <bndbox>
            <xmin>51</xmin>
            <ymin>178</ymin>
            <xmax>208</xmax>
            <ymax>333</ymax>
        </bndbox>
        <bndbox>
            <xmin>358</xmin>
            <ymin>188</ymin>
            <xmax>511</xmax>
            <ymax>331</ymax>
        </bndbox>    
    </object>
</annotation>