<?xml version="1.0"?>

<annotation>
    <folder>images</folder>
    <filename>local33.png</filename>
    <size>
        <width>579</width>
        <height>390</height>
        <depth>3</depth>
    </size>
    <segmented>0</segmented>
    <object>
        <name>hands</name>
        <pose>Unspecified</pose>
        <truncated>0</truncated>
        <occluded>0</occluded>
        <difficult>0</difficult>
        <bndbox>
            <xmin>35</xmin>
            <ymin>111</ymin>
            <xmax>208</xmax>
            <ymax>257</ymax>
        </bndbox>
        <bndbox>
            <xmin>388</xmin>
            <ymin>96</ymin>
            <xmax>557</xmax>
            <ymax>243</ymax>
        </bndbox>    
    </object>
</annotation>