<?xml version="1.0"?>

<annotation>
    <folder>images</folder>
    <filename>local64.png</filename>
    <size>
        <width>576</width>
        <height>390</height>
        <depth>3</depth>
    </size>
    <segmented>0</segmented>
    <object>
        <name>hands</name>
        <pose>Unspecified</pose>
        <truncated>0</truncated>
        <occluded>0</occluded>
        <difficult>0</difficult>
        <bndbox>
            <xmin>58</xmin>
            <ymin>105</ymin>
            <xmax>180</xmax>
            <ymax>215</ymax>
        </bndbox>
        <bndbox>
            <xmin>407</xmin>
            <ymin>95</ymin>
            <xmax>534</xmax>
            <ymax>210</ymax>
        </bndbox>    
    </object>
</annotation>