<?xml version="1.0"?>

<annotation>
    <folder>images</folder>
    <filename>local40.png</filename>
    <size>
        <width>515</width>
        <height>390</height>
        <depth>3</depth>
    </size>
    <segmented>0</segmented>
    <object>
        <name>hands</name>
        <pose>Unspecified</pose>
        <truncated>0</truncated>
        <occluded>0</occluded>
        <difficult>0</difficult>
        <bndbox>
            <xmin>46</xmin>
            <ymin>207</ymin>
            <xmax>184</xmax>
            <ymax>360</ymax>
        </bndbox>
        <bndbox>
            <xmin>197</xmin>
            <ymin>218</ymin>
            <xmax>335</xmax>
            <ymax>361</ymax>
        </bndbox>    
    </object>
</annotation>