<?xml version="1.0"?>

<annotation>
    <folder>images</folder>
    <filename>local4.png</filename>
    <size>
        <width>453</width>
        <height>709</height>
        <depth>3</depth>
    </size>
    <segmented>0</segmented>
    <object>
        <name>hands</name>
        <pose>Unspecified</pose>
        <truncated>0</truncated>
        <occluded>0</occluded>
        <difficult>0</difficult>
        <bndbox>
            <xmin>8</xmin>
            <ymin>15</ymin>
            <xmax>90</xmax>
            <ymax>101</ymax>
        </bndbox>
        <bndbox>
            <xmin>376</xmin>
            <ymin>5</ymin>
            <xmax>450</xmax>
            <ymax>96</ymax>
        </bndbox>
    </object>
</annotation>