<?xml version="1.0"?>

<annotation>
    <folder>images</folder>
    <filename>local34.png</filename>
    <size>
        <width>568</width>
        <height>390</height>
        <depth>3</depth>
    </size>
    <segmented>0</segmented>
    <object>
        <name>hands</name>
        <pose>Unspecified</pose>
        <truncated>0</truncated>
        <occluded>0</occluded>
        <difficult>0</difficult>
        <bndbox>
            <xmin>31</xmin>
            <ymin>89</ymin>
            <xmax>197</xmax>
            <ymax>213</ymax>
        </bndbox>
        <bndbox>
            <xmin>427</xmin>
            <ymin>116</ymin>
            <xmax>568</xmax>
            <ymax>240</ymax>
        </bndbox>    
    </object>
</annotation>