<?xml version="1.0"?>

<annotation>
    <folder>images</folder>
    <filename>local41.png</filename>
    <size>
        <width>589</width>
        <height>390</height>
        <depth>3</depth>
    </size>
    <segmented>0</segmented>
    <object>
        <name>hands</name>
        <pose>Unspecified</pose>
        <truncated>0</truncated>
        <occluded>0</occluded>
        <difficult>0</difficult>
        <bndbox>
            <xmin>193</xmin>
            <ymin>208</ymin>
            <xmax>280</xmax>
            <ymax>316</ymax>
        </bndbox>
        <bndbox>
            <xmin>407</xmin>
            <ymin>8</ymin>
            <xmax>524</xmax>
            <ymax>110</ymax>
        </bndbox>    
    </object>
</annotation>