<?xml version="1.0"?>

<annotation>
    <folder>images</folder>
    <filename>local10.png</filename>
    <size>
        <width>479</width>
        <height>724</height>
        <depth>3</depth>
    </size>
    <segmented>0</segmented>
    <object>
        <name>hands</name>
        <pose>Unspecified</pose>
        <truncated>0</truncated>
        <occluded>0</occluded>
        <difficult>0</difficult>
        <bndbox>
            <xmin>163</xmin>
            <ymin>340</ymin>
            <xmax>261</xmax>
            <ymax>422</ymax>
        </bndbox>
        <bndbox>
            <xmin>270</xmin>
            <ymin>348</ymin>
            <xmax>323</xmax>
            <ymax>421</ymax>
        </bndbox>
    </object>
</annotation>