<?xml version="1.0"?>

<annotation>
    <folder>images</folder>
    <filename>local24.png</filename>
    <size>
        <width>375</width>
        <height>715</height>
        <depth>3</depth>
    </size>
    <segmented>0</segmented>
    <object>
        <name>hands</name>
        <pose>Unspecified</pose>
        <truncated>0</truncated>
        <occluded>0</occluded>
        <difficult>0</difficult>
        <bndbox>
            <xmin>71</xmin>
            <ymin>13</ymin>
            <xmax>174</xmax>
            <ymax>103</ymax>
        </bndbox>
        <bndbox>
            <xmin>182</xmin>
            <ymin>18</ymin>
            <xmax>305</xmax>
            <ymax>101</ymax>
        </bndbox>    
    </object>
</annotation>