<?xml version="1.0"?>

<annotation>
    <folder>images</folder>
    <filename>local79.png</filename>
    <size>
        <width>258</width>
        <height>390</height>
        <depth>3</depth>
    </size>
    <segmented>0</segmented>
    <object>
        <name>hands</name>
        <pose>Unspecified</pose>
        <truncated>0</truncated>
        <occluded>0</occluded>
        <difficult>0</difficult>
        <bndbox>
            <xmin>27</xmin>
            <ymin>125</ymin>
            <xmax>132</xmax>
            <ymax>230</ymax>
        </bndbox>
        <bndbox>
            <xmin>139</xmin>
            <ymin>123</ymin>
            <xmax>241</xmax>
            <ymax>230</ymax>
        </bndbox>    
    </object>
</annotation>