<?xml version="1.0"?>

<annotation>
    <folder>images</folder>
    <filename>local8.png</filename>
    <size>
        <width>456</width>
        <height>456</height>
        <depth>3</depth>
    </size>
    <segmented>0</segmented>
    <object>
        <name>hands</name>
        <pose>Unspecified</pose>
        <truncated>0</truncated>
        <occluded>0</occluded>
        <difficult>0</difficult>
        <bndbox>
            <xmin>148</xmin>
            <ymin>207</ymin>
            <xmax>204</xmax>
            <ymax>271</ymax>
        </bndbox>
        <bndbox>
            <xmin>222</xmin>
            <ymin>36</ymin>
            <xmax>304</xmax>
            <ymax>116</ymax>
        </bndbox>
    </object>
</annotation>