<?xml version="1.0"?>

<annotation>
    <folder>images</folder>
    <filename>local9.png</filename>
    <size>
        <width>513</width>
        <height>770</height>
        <depth>3</depth>
    </size>
    <segmented>0</segmented>
    <object>
        <name>hands</name>
        <pose>Unspecified</pose>
        <truncated>0</truncated>
        <occluded>0</occluded>
        <difficult>0</difficult>
        <bndbox>
            <xmin>43</xmin>
            <ymin>339</ymin>
            <xmax>166</xmax>
            <ymax>457</ymax>
        </bndbox>
        <bndbox>
            <xmin>356</xmin>
            <ymin>278</ymin>
            <xmax>487</xmax>
            <ymax>392</ymax>
        </bndbox>
    </object>
</annotation>