<?xml version="1.0"?>

<annotation>
    <folder>images</folder>
    <filename>local53.png</filename>
    <size>
        <width>635</width>
        <height>390</height>
        <depth>3</depth>
    </size>
    <segmented>0</segmented>
    <object>
        <name>hands</name>
        <pose>Unspecified</pose>
        <truncated>0</truncated>
        <occluded>0</occluded>
        <difficult>0</difficult>
        <bndbox>
            <xmin>260</xmin>
            <ymin>323</ymin>
            <xmax>446</xmax>
            <ymax>390</ymax>
        </bndbox>
        <bndbox>
            <xmin>453</xmin>
            <ymin>293</ymin>
            <xmax>571</xmax>
            <ymax>390</ymax>
        </bndbox>    
    </object>
</annotation>