<?xml version="1.0"?>

<annotation>
    <folder>images</folder>
    <filename>local86.png</filename>
    <size>
        <width>394</width>
        <height>390</height>
        <depth>3</depth>
    </size>
    <segmented>0</segmented>
    <object>
        <name>hands</name>
        <pose>Unspecified</pose>
        <truncated>0</truncated>
        <occluded>0</occluded>
        <difficult>0</difficult>
        <bndbox>
            <xmin>57</xmin>
            <ymin>76</ymin>
            <xmax>181</xmax>
            <ymax>183</ymax>
        </bndbox>
        <bndbox>
            <xmin>244</xmin>
            <ymin>93</ymin>
            <xmax>347</xmax>
            <ymax>209</ymax>
        </bndbox>    
    </object>
</annotation>