<?xml version="1.0"?>

<annotation>
    <folder>images</folder>
    <filename>local70.png</filename>
    <size>
        <width>373</width>
        <height>390</height>
        <depth>3</depth>
    </size>
    <segmented>0</segmented>
    <object>
        <name>hands</name>
        <pose>Unspecified</pose>
        <truncated>0</truncated>
        <occluded>0</occluded>
        <difficult>0</difficult>
        <bndbox>
            <xmin>1</xmin>
            <ymin>195</ymin>
            <xmax>63</xmax>
            <ymax>277</ymax>
        </bndbox>
        <bndbox>
            <xmin>175</xmin>
            <ymin>253</ymin>
            <xmax>273</xmax>
            <ymax>350</ymax>
        </bndbox>    
    </object>
</annotation>