<?xml version="1.0"?>

<annotation>
    <folder>images</folder>
    <filename>local29.png</filename>
    <size>
        <width>667</width>
        <height>334</height>
        <depth>3</depth>
    </size>
    <segmented>0</segmented>
    <object>
        <name>hands</name>
        <pose>Unspecified</pose>
        <truncated>0</truncated>
        <occluded>0</occluded>
        <difficult>0</difficult>
        <bndbox>
            <xmin>1</xmin>
            <ymin>93</ymin>
            <xmax>306</xmax>
            <ymax>325</ymax>
        </bndbox>
        <bndbox>
            <xmin>152</xmin>
            <ymin>7</ymin>
            <xmax>451</xmax>
            <ymax>217</ymax>
        </bndbox>    
    </object>
</annotation>