<?xml version="1.0"?>

<annotation>
    <folder>images</folder>
    <filename>local65.png</filename>
    <size>
        <width>570</width>
        <height>390</height>
        <depth>3</depth>
    </size>
    <segmented>0</segmented>
    <object>
        <name>hands</name>
        <pose>Unspecified</pose>
        <truncated>0</truncated>
        <occluded>0</occluded>
        <difficult>0</difficult>
        <bndbox>
            <xmin>28</xmin>
            <ymin>57</ymin>
            <xmax>154</xmax>
            <ymax>187</ymax>
        </bndbox>
        <bndbox>
            <xmin>437</xmin>
            <ymin>93</ymin>
            <xmax>542</xmax>
            <ymax>222</ymax>
        </bndbox>    
    </object>
</annotation>