<?xml version="1.0"?>

<annotation>
    <folder>images</folder>
    <filename>local74.png</filename>
    <size>
        <width>594</width>
        <height>390</height>
        <depth>3</depth>
    </size>
    <segmented>0</segmented>
    <object>
        <name>hands</name>
        <pose>Unspecified</pose>
        <truncated>0</truncated>
        <occluded>0</occluded>
        <difficult>0</difficult>
        <bndbox>
            <xmin>10</xmin>
            <ymin>72</ymin>
            <xmax>117</xmax>
            <ymax>169</ymax>
        </bndbox>
        <bndbox>
            <xmin>419</xmin>
            <ymin>93</ymin>
            <xmax>537</xmax>
            <ymax>202</ymax>
        </bndbox>    
    </object>
</annotation>