<?xml version="1.0"?>

<annotation>
    <folder>images</folder>
    <filename>local14.png</filename>
    <size>
        <width>555</width>
        <height>772</height>
        <depth>3</depth>
    </size>
    <segmented>0</segmented>
    <object>
        <name>hands</name>
        <pose>Unspecified</pose>
        <truncated>0</truncated>
        <occluded>0</occluded>
        <difficult>0</difficult>
        <bndbox>
            <xmin>309</xmin>
            <ymin>127</ymin>
            <xmax>405</xmax>
            <ymax>223</ymax>
        </bndbox>
        <bndbox>
            <xmin>387</xmin>
            <ymin>129</ymin>
            <xmax>458</xmax>
            <ymax>227</ymax>
        </bndbox>    
    </object>
</annotation>