<?xml version="1.0"?>

<annotation>
    <folder>images</folder>
    <filename>local46.png</filename>
    <size>
        <width>138</width>
        <height>390</height>
        <depth>3</depth>
    </size>
    <segmented>0</segmented>
    <object>
        <name>hands</name>
        <pose>Unspecified</pose>
        <truncated>0</truncated>
        <occluded>0</occluded>
        <difficult>0</difficult>
        <bndbox>
            <xmin>3</xmin>
            <ymin>188</ymin>
            <xmax>46</xmax>
            <ymax>228</ymax>
        </bndbox>
        <bndbox>
            <xmin>87</xmin>
            <ymin>182</ymin>
            <xmax>130</xmax>
            <ymax>221</ymax>
        </bndbox>    
    </object>
</annotation>