<?xml version="1.0"?>

<annotation>
    <folder>images</folder>
    <filename>local25.png</filename>
    <size>
        <width>242</width>
        <height>389</height>
        <depth>3</depth>
    </size>
    <segmented>0</segmented>
    <object>
        <name>hands</name>
        <pose>Unspecified</pose>
        <truncated>0</truncated>
        <occluded>0</occluded>
        <difficult>0</difficult>
        <bndbox>
            <xmin>16</xmin>
            <ymin>56</ymin>
            <xmax>80</xmax>
            <ymax>101</ymax>
        </bndbox>
        <bndbox>
            <xmin>49</xmin>
            <ymin>131</ymin>
            <xmax>111</xmax>
            <ymax>186</ymax>
        </bndbox>    
    </object>
</annotation>