<?xml version="1.0"?>

<annotation>
    <folder>images</folder>
    <filename>local22.png</filename>
    <size>
        <width>472</width>
        <height>713</height>
        <depth>3</depth>
    </size>
    <segmented>0</segmented>
    <object>
        <name>hands</name>
        <pose>Unspecified</pose>
        <truncated>0</truncated>
        <occluded>0</occluded>
        <difficult>0</difficult>
        <bndbox>
            <xmin>150</xmin>
            <ymin>301</ymin>
            <xmax>253</xmax>
            <ymax>414</ymax>
        </bndbox>
        <bndbox>
            <xmin>230</xmin>
            <ymin>44</ymin>
            <xmax>333</xmax>
            <ymax>157</ymax>
        </bndbox>    
    </object>
</annotation>