<?xml version="1.0"?>

<annotation>
    <folder>images</folder>
    <filename>local35.png</filename>
    <size>
        <width>581</width>
        <height>390</height>
        <depth>3</depth>
    </size>
    <segmented>0</segmented>
    <object>
        <name>hands</name>
        <pose>Unspecified</pose>
        <truncated>0</truncated>
        <occluded>0</occluded>
        <difficult>0</difficult>
        <bndbox>
            <xmin>46</xmin>
            <ymin>8</ymin>
            <xmax>158</xmax>
            <ymax>107</ymax>
        </bndbox>
        <bndbox>
            <xmin>413</xmin>
            <ymin>1</ymin>
            <xmax>555</xmax>
            <ymax>110</ymax>
        </bndbox>    
    </object>
</annotation>