<?xml version="1.0"?>

<annotation>
    <folder>images</folder>
    <filename>local77.png</filename>
    <size>
        <width>297</width>
        <height>390</height>
        <depth>3</depth>
    </size>
    <segmented>0</segmented>
    <object>
        <name>hands</name>
        <pose>Unspecified</pose>
        <truncated>0</truncated>
        <occluded>0</occluded>
        <difficult>0</difficult>
        <bndbox>
            <xmin>56</xmin>
            <ymin>142</ymin>
            <xmax>136</xmax>
            <ymax>204</ymax>
        </bndbox>
        <bndbox>
            <xmin>113</xmin>
            <ymin>279</ymin>
            <xmax>227</xmax>
            <ymax>359</ymax>
        </bndbox>    
    </object>
</annotation>