<?xml version="1.0"?>

<annotation>
    <folder>images</folder>
    <filename>local52.png</filename>
    <size>
        <width>552</width>
        <height>390</height>
        <depth>3</depth>
    </size>
    <segmented>0</segmented>
    <object>
        <name>hands</name>
        <pose>Unspecified</pose>
        <truncated>0</truncated>
        <occluded>0</occluded>
        <difficult>0</difficult>
        <bndbox>
            <xmin>3</xmin>
            <ymin>226</ymin>
            <xmax>161</xmax>
            <ymax>381</ymax>
        </bndbox>
        <bndbox>
            <xmin>180</xmin>
            <ymin>289</ymin>
            <xmax>376</xmax>
            <ymax>377</ymax>
        </bndbox>    
    </object>
</annotation>