<?xml version="1.0"?>

<annotation>
    <folder>images</folder>
    <filename>local37.png</filename>
    <size>
        <width>578</width>
        <height>390</height>
        <depth>3</depth>
    </size>
    <segmented>0</segmented>
    <object>
        <name>hands</name>
        <pose>Unspecified</pose>
        <truncated>0</truncated>
        <occluded>0</occluded>
        <difficult>0</difficult>
        <bndbox>
            <xmin>65</xmin>
            <ymin>119</ymin>
            <xmax>183</xmax>
            <ymax>241</ymax>
        </bndbox>
        <bndbox>
            <xmin>401</xmin>
            <ymin>277</ymin>
            <xmax>518</xmax>
            <ymax>376</ymax>
        </bndbox>    
    </object>
</annotation>