<?xml version="1.0"?>

<annotation>
    <folder>images</folder>
    <filename>local97.png</filename>
    <size>
        <width>560</width>
        <height>390</height>
        <depth>3</depth>
    </size>
    <segmented>0</segmented>
    <object>
        <name>hands</name>
        <pose>Unspecified</pose>
        <truncated>0</truncated>
        <occluded>0</occluded>
        <difficult>0</difficult>
        <bndbox>
            <xmin1>218</xmin1>
            <ymin1>244</ymin1>
            <xmax1>361</xmax1>
            <ymax1>341</ymax1>
            <xmin2>379</xmin2>
            <ymin2>158</ymin2>
            <xmax2>503</xmax2>
            <ymax2>284</ymax2>

        </bndbox>
    </object>
</annotation>