<?xml version="1.0"?>

<annotation>
    <folder>images</folder>
    <filename>local59.png</filename>
    <size>
        <width>623</width>
        <height>390</height>
        <depth>3</depth>
    </size>
    <segmented>0</segmented>
    <object>
        <name>hands</name>
        <pose>Unspecified</pose>
        <truncated>0</truncated>
        <occluded>0</occluded>
        <difficult>0</difficult>
        <bndbox>
            <xmin>67</xmin>
            <ymin>202</ymin>
            <xmax>177</xmax>
            <ymax>323</ymax>
        </bndbox>
        <bndbox>
            <xmin>456</xmin>
            <ymin>206</ymin>
            <xmax>567</xmax>
            <ymax>325</ymax>
        </bndbox>    
    </object>
</annotation>