<?xml version="1.0"?>

<annotation>
    <folder>images</folder>
    <filename>local63.png</filename>
    <size>
        <width>580</width>
        <height>390</height>
        <depth>3</depth>
    </size>
    <segmented>0</segmented>
    <object>
        <name>hands</name>
        <pose>Unspecified</pose>
        <truncated>0</truncated>
        <occluded>0</occluded>
        <difficult>0</difficult>
        <bndbox>
            <xmin>150</xmin>
            <ymin>137</ymin>
            <xmax>252</xmax>
            <ymax>251</ymax>
        </bndbox>
        <bndbox>
            <xmin>388</xmin>
            <ymin>278</ymin>
            <xmax>476</xmax>
            <ymax>361</ymax>
        </bndbox>    
    </object>
</annotation>