<?xml version="1.0"?>

<annotation>
    <folder>images</folder>
    <filename>local66.png</filename>
    <size>
        <width>669</width>
        <height>390</height>
        <depth>3</depth>
    </size>
    <segmented>0</segmented>
    <object>
        <name>hands</name>
        <pose>Unspecified</pose>
        <truncated>0</truncated>
        <occluded>0</occluded>
        <difficult>0</difficult>
        <bndbox>
            <xmin>24</xmin>
            <ymin>120</ymin>
            <xmax>160</xmax>
            <ymax>287</ymax>
        </bndbox>
        <bndbox>
            <xmin>509</xmin>
            <ymin>118</ymin>
            <xmax>655</xmax>
            <ymax>273</ymax>
        </bndbox>    
    </object>
</annotation>