<?xml version="1.0"?>

<annotation>
    <folder>images</folder>
    <filename>local61.png</filename>
    <size>
        <width>684</width>
        <height>390</height>
        <depth>3</depth>
    </size>
    <segmented>0</segmented>
    <object>
        <name>hands</name>
        <pose>Unspecified</pose>
        <truncated>0</truncated>
        <occluded>0</occluded>
        <difficult>0</difficult>
        <bndbox>
            <xmin>152</xmin>
            <ymin>148</ymin>
            <xmax>248</xmax>
            <ymax>282</ymax>
        </bndbox>
        <bndbox>
            <xmin>431</xmin>
            <ymin>157</ymin>
            <xmax>552</xmax>
            <ymax>292</ymax>
        </bndbox>    
    </object>
</annotation>