<?xml version="1.0"?>

<annotation>
    <folder>images</folder>
    <filename>local45.png</filename>
    <size>
        <width>685</width>
        <height>390</height>
        <depth>3</depth>
    </size>
    <segmented>0</segmented>
    <object>
        <name>hands</name>
        <pose>Unspecified</pose>
        <truncated>0</truncated>
        <occluded>0</occluded>
        <difficult>0</difficult>
        <bndbox>
            <xmin>90</xmin>
            <ymin>187</ymin>
            <xmax>290</xmax>
            <ymax>334</ymax>
        </bndbox>
        <bndbox>
            <xmin>348</xmin>
            <ymin>143</ymin>
            <xmax>547</xmax>
            <ymax>324</ymax>
        </bndbox>    
    </object>
</annotation>