<?xml version="1.0"?>

<annotation>
    <folder>images</folder>
    <filename>local57.png</filename>
    <size>
        <width>697</width>
        <height>390</height>
        <depth>3</depth>
    </size>
    <segmented>0</segmented>
    <object>
        <name>hands</name>
        <pose>Unspecified</pose>
        <truncated>0</truncated>
        <occluded>0</occluded>
        <difficult>0</difficult>
        <bndbox>
            <xmin>15</xmin>
            <ymin>126</ymin>
            <xmax>174</xmax>
            <ymax>288</ymax>
        </bndbox>
        <bndbox>
            <xmin>515</xmin>
            <ymin>92</ymin>
            <xmax>687</xmax>
            <ymax>294</ymax>
        </bndbox>    
    </object>
</annotation>