<?xml version="1.0"?>

<annotation>
    <folder>images</folder>
    <filename>local69.png</filename>
    <size>
        <width>387</width>
        <height>390</height>
        <depth>3</depth>
    </size>
    <segmented>0</segmented>
    <object>
        <name>hands</name>
        <pose>Unspecified</pose>
        <truncated>0</truncated>
        <occluded>0</occluded>
        <difficult>0</difficult>
        <bndbox>
            <xmin>6</xmin>
            <ymin>14</ymin>
            <xmax>55</xmax>
            <ymax>100</ymax>
        </bndbox>
        <bndbox>
            <xmin>312</xmin>
            <ymin>1</ymin>
            <xmax>376</xmax>
            <ymax>83</ymax>
        </bndbox>    
    </object>
</annotation>