<?xml version="1.0"?>

<annotation>
    <folder>images</folder>
    <filename>local81.png</filename>
    <size>
        <width>261</width>
        <height>390</height>
        <depth>3</depth>
    </size>
    <segmented>0</segmented>
    <object>
        <name>hands</name>
        <pose>Unspecified</pose>
        <truncated>0</truncated>
        <occluded>0</occluded>
        <difficult>0</difficult>
        <bndbox>
            <xmin>30</xmin>
            <ymin>194</ymin>
            <xmax>92</xmax>
            <ymax>251</ymax>
        </bndbox>
        <bndbox>
            <xmin>85</xmin>
            <ymin>12</ymin>
            <xmax>145</xmax>
            <ymax>55</ymax>
        </bndbox>    
    </object>
</annotation>